file,species
0b53d3421f971bf9e30b2decae7842dd.png,Common Chickweed
0e7dea5901b218d61837cddc85c54459.png,Charlock
04aebf9632278c3ab55424709aa458dc.png,Scentless Mayweed
09d0cd1027584e266892bf340b6918cd.png,Sugar beet
0c8098935a70243273e2d4c3593acb33.png,Loose Silky-bent
072d98133b28805b82e586376fc28ce6.png,Common Chickweed
0e8914037576c55d1aa86412a0ef287f.png,Loose Silky-bent
0de0a566bfba72f934d601d644e2f9ff.png,Sugar beet
0d4e6426a9ed8cc9f3552d04536511bd.png,Common Chickweed
1187dc0c4b8bdd9323b0b403b978044f.png,Black-grass
05b0ef840cabebe5145318d9c21e3c1d.png,Maize
0c2cf8e7719aed83c61cc17294c11a82.png,Sugar beet
0a2ea8814e19ee736c7a30bf2004542f.png,Small-flowered Cranesbill
1363137b1fc8b29dd1156b8b7ac322cf.png,Black-grass
04cfbe0298e1797153c29136f97a8c7d.png,Black-grass
0db435ea926e3ffaaab2fa38818b3b30.png,Charlock
04c29e347962de1ba3fec986861efb04.png,Maize
0dafed9bbe9beeaab27f913a7a2f1ebd.png,Fat Hen
07b91e9c199e0bc3cabd99c391569fd8.png,Scentless Mayweed
077297aba127bb1b08957fa2bd955c7a.png,Fat Hen
0e096f7889c4f074ed1615e8bcb8f6b9.png,Common Chickweed
0f066c5e20c21b0116c6b14c6378cb4f.png,Small-flowered Cranesbill
0a879d5ff731eac22adfe4be82045010.png,Small-flowered Cranesbill
09906de0e60eecea8000d86879fe293b.png,Black-grass
0dbab45cdecf9cac680054eaa2cd1ca1.png,Black-grass
0a31e86e999a827a14b7b2b68b7ca191.png,Small-flowered Cranesbill
0a1289a7885a8521002d31cff8129188.png,Scentless Mayweed
0911463bcefc53abfe35d5a8be96a557.png,Black-grass
0c5f921d34ad061384f2a4bb2828c2df.png,Small-flowered Cranesbill
060eb14ea47a03d77c6f84c1cde7e26c.png,Charlock
07d0a5659c081fa16dc20e8d5805dce4.png,Sugar beet
1252ce79aaf3678ceccc81d091bbe89e.png,Scentless Mayweed
068fb4981b3103c1bda308880c8c80e9.png,Fat Hen
1325a5cfab02f7cf492f310f7b03fb21.png,Charlock
0811b42cc8008922a941b8dcdc1a6ed3.png,Small-flowered Cranesbill
05b96260abe5aeddb77cc285e7ab6ce8.png,Loose Silky-bent
0dfadf4906aac87dacc68208fb54b3f0.png,Common Chickweed
1a342627b296b58a6beb1bdd314b56e0.png,Common Chickweed
24dc862871051753cb021f9d1e8f421a.png,Small-flowered Cranesbill
182592ae492b678d0470062a7fac5ef9.png,Scentless Mayweed
26e7aec9288b7dee4286d5448c4f5483.png,Scentless Mayweed
1b82bfde40bd000bef84bb0b67bc6b4e.png,Common Chickweed
2060ba75a720f92111502a42e1bb5c9a.png,Small-flowered Cranesbill
266a818c9054c08356155882050d05c5.png,Common Chickweed
148d93d5b1226bfb29ac3a361cde650c.png,Sugar beet
23bf2e9ba9106930d4fac907ee88a1a4.png,Sugar beet
1c1734b1998069e8481801c3324e6abc.png,Sugar beet
1c082be31945090972d0f39bd119cc80.png,Sugar beet
24abb4035da77b3ae3bd7bdba597c86e.png,Small-flowered Cranesbill
15fe4eee424e2dc66891dccbbcaea688.png,Sugar beet
17f25f89579298d7cd3c39d6086087c5.png,Charlock
2223b7efeac24f990ec611c38c7a7109.png,Maize
19257819434d51764fa608c38c3d51dd.png,Black-grass
216433b34a19c6005cf1d166a3b7843e.png,Charlock
22d3e981048f831ea8aa33134be25631.png,Loose Silky-bent
23cdee543cdc691f0f7013899a96c8a6.png,Sugar beet
197d479cbed5e55ec558fde230847a91.png,Sugar beet
15376c2d633c969264a8c14efafc2200.png,Shepherd’s Purse
28c551607a4e04ceb5478eb8d9e428c0.png,Scentless Mayweed
1d9716fd46e6fde4b0e66625ff238fa3.png,Charlock
16ed3a39befbea52ef6dc7f2f496e7b1.png,Common Chickweed
28e7b9fa785af653c2ef70dee1ce215e.png,Shepherd’s Purse
1af5d5374d32d36628083e014d1d3f3c.png,Small-flowered Cranesbill
1a52b40ced2a563d5baa5c8186137e97.png,Scentless Mayweed
16441bf0f432cb52db3bd2e96169474f.png,Scentless Mayweed
1abc8e298017892440513dc023b22d48.png,Shepherd’s Purse
1b877c6e80acc407486b6d6e6c3e7b0f.png,Sugar beet
13fc1c7b333d3f637b84f30061e2febe.png,Common Chickweed
1cc613ff82ed695717f65f152fa46d77.png,Common Chickweed
26ab89ba07d5e996189634a7a233863d.png,Scentless Mayweed
244fdbcfd6813beb739cc81ec0a8b46e.png,Sugar beet
254fde5c59e2588d81700a8d4df44a74.png,Black-grass
19fd638630a0ff44d7ad43fe771a233c.png,Scentless Mayweed
18d4a5a4cf3436497f208da225192181.png,Sugar beet
1ebadcd54838a8eaf602fb9d13c68184.png,Black-grass
13feb71c2f0725d0a4f4a09560270fc6.png,Black-grass
16285047bcb1b28aadbaa56271f3c8da.png,Common Chickweed
29e77e253c35f853123a2af51f7c8a8c.png,Common Chickweed
2541abb9b69b7adfe3627fc3a01b62b6.png,Fat Hen
255eeb663ef382c72d8a7c9e09db94ae.png,Charlock
208f32d80865ffc2acab96a6892e7058.png,Small-flowered Cranesbill
243b3cf5cff0f04df5156715bb549cd9.png,Common Chickweed
171f9ec84de3d6e81a5f7a94758c763d.png,Scentless Mayweed
2803a00302d0c834efbd4e5cd3fdde6b.png,Fat Hen
1aa18c35eb6a249b0c4decbc4461be24.png,Charlock
20c63224f6d809f115ed7db12b250c18.png,Fat Hen
1bee579e028060350dd15d0770056de9.png,Small-flowered Cranesbill
29f7ec6bea064a3b77df4ce7ef81ba88.png,Charlock
184a7116479df3f21588714401d5ea51.png,Loose Silky-bent
27a70152b8cf087b6b16487111298094.png,Black-grass
251b3ce4899c36243e9cb9bfca609b59.png,Scentless Mayweed
286226bfcd8e50b3751b27c3029a0eb9.png,Small-flowered Cranesbill
1810c9d0fee5829e4b201e9306311e99.png,Charlock
243fc310fda39165f85ac0b86cd9a409.png,Common Chickweed
15387efbcb2b86e2fcef0bced4d1ff0f.png,Shepherd’s Purse
1c6d3a5c27b8d97ab1c99bab7fbdbb17.png,Common Chickweed
20ea4ef4fd9c1ac1e2d7c605ff8fe16c.png,Maize
1e97bb6f1552937f0cb2f039a846c50e.png,Black-grass
21fb7b3695cb4e8d78f80b0cf5b50fd9.png,Charlock
23688f086bcecf3b3d4a87fd5f7616fe.png,Fat Hen
1c28a713f9ea37fa360bf2e2c8f88062.png,Common Chickweed
250955626c2f30c8fcfbb39ca8355eb7.png,Common Chickweed
2641785ef3afb1819ad54dfad3e48e5a.png,Small-flowered Cranesbill
1c4027f195be7af13b55d479e6d19a69.png,Loose Silky-bent
17ae1fcfd9dc2132575d5a89832e2688.png,Fat Hen
1d047bf419dd2ae476507e908b71626d.png,Black-grass
20e8828e776502bd3e7e8cdec34daee3.png,Small-flowered Cranesbill
1d202fb208698dd97988276ac093cef8.png,Common Chickweed
1ce6ec4c232aea26bb12776d61a5adef.png,Common Chickweed
26933e225782c55bb09aab14aadfee3f.png,Fat Hen
179d2cfd65f325456a4d6b900134fe0b.png,Small-flowered Cranesbill
28daf5d67a6db3a8a81abb1893d454c3.png,Black-grass
1f660a3e7eb8e023eccae05d006ab94d.png,Charlock
1c9b1af7701a11b871936a3120ab705e.png,Sugar beet
212ad38258fe969d8ec7c11fff9ba5e6.png,Common Chickweed
310dcd140253069e682d760e25e6a372.png,Fat Hen
2d4c605cc252a99e8d393cee6e9386b0.png,Fat Hen
2abd24ed2d524ab27e76f17456a3ca27.png,Common Chickweed
2f10e9212a249f20ad145788e64705d7.png,Loose Silky-bent
35b9a4dfdfdc7ce4075b077cc6cd5710.png,Black-grass
2b2c772335ba6d41e95173b8be300ddc.png,Common Chickweed
30d76584cf0ece384cee5ddee1ed7ad1.png,Shepherd’s Purse
301217ce040508d51156a0ad3c7c88d1.png,Maize
2b6ffa46b9d545caf634796ca15c69e2.png,Sugar beet
337f351d5b9653a090557189e726ffe4.png,Common Chickweed
2f06d706d3142927b5a991def1e5575b.png,Scentless Mayweed
368fc9793b712da252d127eac0269974.png,Small-flowered Cranesbill
302cfeeeee70c853e95d5eec331e6c97.png,Charlock
2b64bb7ffb0f1b1e919d9c011426c89e.png,Small-flowered Cranesbill
2ffb2c82ff1a993d264362ededb9e586.png,Common Chickweed
3766128fa91470e9f32ad34420e62593.png,Black-grass
2c28c79d6cb5dd18fcf8d98aa25d1879.png,Common Chickweed
2ead6429e6cd3cd6375e6257515890a5.png,Charlock
2ca80e6cc4093134eeddce7c7f0ada81.png,Sugar beet
354f92ccd8ffafe70344405218d83b71.png,Black-grass
39a49e1ef55417b2ab04cdba3d8b7517.png,Maize
2d41b13646f46acccb49cf33105cc1e4.png,Loose Silky-bent
38546e24d30075f43eee489d9f862cdb.png,Common Chickweed
2b1b54e591f04136a524aa601867ab80.png,Black-grass
2c39e928bdd6606f3e47ee51b2e348fa.png,Charlock
35d042c5075be66b063367e32ddf78d2.png,Charlock
3348ff898dcea8508ae80ea4037007f3.png,Black-grass
37efed3e3c880e82398aa85988116de3.png,Black-grass
3718353e067df7ec43942ebbad690aee.png,Common Chickweed
31ccb28811fd0a86f01feaf4ad37dbfe.png,Small-flowered Cranesbill
37ba593366e81e81f3890a81d01d10cd.png,Charlock
3629b1f796d4ca9ae00fd0aede3160df.png,Common Chickweed
3822be5ffa2413c86be0473abc102ab3.png,Fat Hen
31d2780d35450f1c460ed79fde0aaf44.png,Loose Silky-bent
345c2da113940f80be3b4bb7c8f9c31e.png,Black-grass
378150d7212173ad8ee83c1df3ed191e.png,Charlock
2ab4470b7e51338aa986fd9694befad4.png,Small-flowered Cranesbill
34803815484cecab5ab31359fbf3556a.png,Common Chickweed
2f7bc3b113800b03f81dac461898b315.png,Small-flowered Cranesbill
3976a2e70503339c49f80ca2184f08d4.png,Common Chickweed
2ec02d683f4483e9383474bdfb5b228e.png,Small-flowered Cranesbill
37990324f4d2a995b7efa8b263c01cef.png,Common Chickweed
2f03a9557570f0cd63dbd9df8d1a75c6.png,Fat Hen
34c02016f7c859953a5e3b0ccfb11a51.png,Charlock
2e1e61d233b4747cc2ad8f1c71f9613c.png,Charlock
2eac3a26e0e2a866cec8283fc0158e7d.png,Common Chickweed
2dc5ebc512e015d4b5f1a8ed55e07851.png,Loose Silky-bent
305883fb49238dd4fca62108fcecc9f9.png,Charlock
34d492247b84a770d3f701fc25fe9b5f.png,Black-grass
2ddd8f6cff604013dffaadc32a6b64ee.png,Small-flowered Cranesbill
2e038a08edface396ee70ed23961851b.png,Shepherd’s Purse
356795d97b1f1c13e5a0ea5d5e3b64d3.png,Black-grass
3453d73f7a0113f70912282ed0e6a216.png,Common Chickweed
304ad6c83e26f391e458a13384dfef95.png,Scentless Mayweed
2ce65684db65a4978c78ae17021cca35.png,Black-grass
3149ea9e5737622a220a039fef8ad124.png,Charlock
331eab2ca246d59bb841987fad38d227.png,Shepherd’s Purse
32ee88e0b7dc67cdc4e85982d7a2af6e.png,Shepherd’s Purse
343b109359fa434a3c0fbee3a16319d3.png,Cleavers
32bf19578af3bad3573fb92960140fcc.png,Loose Silky-bent
2c0eca0b5be471f90f307a80588a9f0a.png,Fat Hen
369010ee337d968ba067309db59100c3.png,Black-grass
39d179b276f26c6466f2d42fceaed434.png,Fat Hen
347a3e4539225f5a7ea802e3be6b6096.png,Common Chickweed
33b275cdf5e06c4fc29d1da1188168f0.png,Fat Hen
374278e3ac58be995053ef79b88fa757.png,Scentless Mayweed
32c685ba89ff0a118fb9c787ef961c17.png,Sugar beet
2a625fd94de12a2255a418d3232d8c54.png,Small-flowered Cranesbill
3891b8bda7e0f1943d5466d5203f606a.png,Maize
2ee315a26f385e7adc2c3450b2c462dc.png,Scentless Mayweed
2cd46b6653ff5ab749fb1fb7cab9fe41.png,Scentless Mayweed
381e93d70ae28df5625a2547b1f7a81d.png,Common Chickweed
37339dc001c45016420561ebb69ea7b9.png,Sugar beet
2ee1bca7e0402e5d1cf45ed1a02833d9.png,Common Chickweed
302eef9869243c76b983086c872582ce.png,Sugar beet
36b9f563e0c33bcb89a281bf6523bdc9.png,Maize
2ac96cd1d8608b77b3603033e32dc8ff.png,Black-grass
35a7ae3f1508fb240ad2c126e1c0d0ce.png,Fat Hen
3098258428c603e5f58ae07c1c56e1a8.png,Common Chickweed
2ddfaeae09817957cbf8e9de53eea12d.png,Fat Hen
2d0cf6207638fa6efc8c904958406033.png,Small-flowered Cranesbill
3bf0a58e68a2200239667ab360075539.png,Shepherd’s Purse
3b94f14c58c10df7be235646776e2a24.png,Small-flowered Cranesbill
3b1cfc8a5345175302caad04ceca782f.png,Sugar beet
3b943d6f96b707b848df3237f3964a62.png,Fat Hen
3a012c3cb11b001fd734883b2ddc42f3.png,Maize
3a3d44a893544cea43f9ec17bc0f82bc.png,Scentless Mayweed
3a4b9625f7814885d1fdf9e5a58af611.png,Common Chickweed
3b6d5258033057da4d395e78cb74a963.png,Common Chickweed
3a2bea68b29852548ec6b83e3dfdc2f5.png,Small-flowered Cranesbill
3b1199c80fb8d196854e8c3742476f0d.png,Scentless Mayweed
3b12862be91e9d69f865f3c42f47fce3.png,Sugar beet
3b2f222dfb1df759d7a7a9473543796e.png,Scentless Mayweed
3b22641f46ca2a29a680d93f1b11dc95.png,Black-grass
39f1fc4c2b4bc329d5c1a4e19bd5c961.png,Black-grass
3c701e13eaa2a05db51b9a5e42819a51.png,Scentless Mayweed
3d35befbb1e9d1355a9e7ccb3655e36e.png,Small-flowered Cranesbill
51c510ebb9e5b844add7b90f65c127e0.png,Black-grass
45d16237c34953b1605bbb72a0b6439f.png,Charlock
48fc2a9ccc947d134aee565084c88f1b.png,Charlock
5320db56ffd46213f99c2a0c68eea3b1.png,Common Chickweed
53bd91570ea5c4a4629fffbe1059c8ee.png,Fat Hen
49d0c495860797729e4f2e0a57ca4cf9.png,Common Chickweed
49083edc0dd19e4787ad6e1031388a80.png,Scentless Mayweed
40d33ea28dc6efcdc31ca41cba30026c.png,Small-flowered Cranesbill
404c83ea08af9e2043d9c4ace2a8a30d.png,Scentless Mayweed
40fd6cd3c5f05fa5068fad2647057289.png,Shepherd’s Purse
47a4908fe89ba14eefcab589540d908d.png,Black-grass
52e3f0a761638c312c98e5b616d7a3d1.png,Scentless Mayweed
406e4d78d000804bc2f9bf488f2e5cfb.png,Common Chickweed
44cc5d2e09b589d1c57ce1220bc6f39c.png,Common Chickweed
548e5cc5314b34f93f8c8e17a6c1e1a7.png,Maize
4e3b9969c9650896cd870e5e273d1177.png,Common Chickweed
420a282a637aae39a395a1937f8622b4.png,Maize
48316418c0a346b5b58ba632e3479587.png,Maize
4b430d875476b6f09927700cdb8fed98.png,Maize
41ea1d03bad7dbd2095971f534a2f1cc.png,Scentless Mayweed
427d3e34ea40084de354cd5be7be02ca.png,Fat Hen
548a9bbc4a2e7014ecabad038ca15ae3.png,Scentless Mayweed
4c098567ca7da94960ab0f80477b4c52.png,Small-flowered Cranesbill
548853be704859e8e890d06920f29de6.png,Cleavers
4261bb90c1811e5c84712f581923eb08.png,Black-grass
555fee1c3769dbcc1192ac3d270400d8.png,Sugar beet
40f5a69fa6050661a2e2ffe1b463cc59.png,Common Chickweed
43cc63f30784bf3365a1474cd63fd74a.png,Common Chickweed
43c08db76932e3aca182346b360ecb4b.png,Black-grass
44f4c66a0866dbb634821f4734a458c0.png,Maize
48a7392d93d7a2a3924a95d0edbbca73.png,Fat Hen
4094da1c6b788a73d249b439c28b24dd.png,Small-flowered Cranesbill
3e08b37e4b336323936d396ba3cb98e2.png,Common Chickweed
3eb6b0530e501de2305612559d8b88fe.png,Scentless Mayweed
3dc726b5051aedfeddb162617a57212e.png,Small-flowered Cranesbill
462ed9a085bca754534bf6ee9450d2c9.png,Loose Silky-bent
3db87ae7eb709fd3883b943cf4df5b2c.png,Sugar beet
4190975b1f570ef612cc5b54a61155a5.png,Charlock
53657f2b4877362b263792be5596d6a3.png,Maize
4069fe89aa13c4a0fb1c7247093828fd.png,Scentless Mayweed
3c7a804835b50045029e2afd9edff41b.png,Charlock
49ba67ec49257498e86d0b08ebf0c60c.png,Scentless Mayweed
4d4b04f1ed0ebbd8c73bc251d09bbba7.png,Sugar beet
3dfb8141b110bc80ca16660aeab82e23.png,Small-flowered Cranesbill
43d5c314b7238dff4eb2e0929697755d.png,Charlock
4c5b767e8f1c0b18f6acb4940038c5e7.png,Small-flowered Cranesbill
472fa280696f1844da09e955b4cd4ce2.png,Loose Silky-bent
4ab486ad2a64da5eb77ed6ff40139ad8.png,Fat Hen
45c57ecd8a2253bcf44278e2ec8f50c9.png,Sugar beet
49b0dba52627e88ce65bbac9061f9624.png,Common Chickweed
3f6c2013d2b4c1dcab806045d05007cf.png,Small-flowered Cranesbill
3d5ab6b43e84410263f5c8d69a4460b2.png,Scentless Mayweed
4c92e02bf93f3f8f6d8c010688e443af.png,Sugar beet
44228e5fef0c36e91ae98ef4191974c9.png,Small-flowered Cranesbill
463704164b231012af750a48f23ead58.png,Charlock
3e924c101518cb22d2ab0f710c238411.png,Fat Hen
3edc3a25cff688d3bb0e344a21eadd4a.png,Scentless Mayweed
3d00ac087388b20b77cefa52f55ef424.png,Black-grass
4cb329c2495c78178b538b020c38fd32.png,Black-grass
3df25e926a2fda2cc0fd3489805c1dd3.png,Common Chickweed
53864d0775a218dcafb9d2d2d6d3f0a5.png,Sugar beet
536ca7174c940c1421d384a4e4c754e3.png,Small-flowered Cranesbill
4786759f56681b1e0b40b3bc8f4d8357.png,Black-grass
43f04ae4b127ca87081d2489cacd22c0.png,Black-grass
503a9f9bcbe188ea91a01fd1af86682a.png,Loose Silky-bent
3c7cb39abff70ba6fba0e5c5835d17a0.png,Common Chickweed
41c300063853ec844c736c1a2c106675.png,Charlock
4ee3122475d294eaed5eb84839432936.png,Fat Hen
4ea9bd8b1e0a51b7e1297622148d4dfb.png,Fat Hen
546a25f9909b6d3f43c2e27743d2ec07.png,Charlock
41e9a9fe6ee1628d7b62dbdb22025dc2.png,Black-grass
40f00fab3565935e4c99504635ea4788.png,Sugar beet
48bca104dad6582e760969c3e9d48f45.png,Loose Silky-bent
538df4b9e472ac38072b106a257e6669.png,Small-flowered Cranesbill
440e92b5598b33e0d134a1e3f6ac169a.png,Sugar beet
4094f2c2f448dfb920bda6ba298b6284.png,Maize
4d1cce62855590628e3b5eaf92c1220f.png,Common Chickweed
3fe87f0e81d498b1fd63c92fff5c4947.png,Charlock
47060def4d23d1cca49e046aaa3b9e85.png,Scentless Mayweed
54cc2be689e6b4c36eafa0552aa95208.png,Common Chickweed
3c7b0bb4fe68084623dd8914d5351391.png,Maize
3e8c904714c0601faeaf6a845312cd3f.png,Scentless Mayweed
4052588668f092d0775394e24ea011c7.png,Common Chickweed
40b5d7274029ee0889bb6dccb4b0cc44.png,Sugar beet
4e6f943d7072b70c3c84308c26294074.png,Common Chickweed
53859bb9c2c560fe77b07c35b9c56ee7.png,Fat Hen
3da9d6670034c78abb075d1fdc1fdb47.png,Fat Hen
4ebe9b0bbf335c92369de6c6bd7e585c.png,Small-flowered Cranesbill
42f99184df28a5b0c05d49944daa51f7.png,Sugar beet
3f31f9160696daf410d2852ffa3b388b.png,Scentless Mayweed
4fb9cd92be8b00ad0150671d7521b1a0.png,Loose Silky-bent
488f9cb95d7545c1ea9b869fc34c1ab5.png,Sugar beet
5435a86a9aa46d51a0b04a057531f181.png,Sugar beet
4e86e4ab7d560494fb9220be3e726e38.png,Black-grass
6e59e6283b4a1cbdf91584fb0934a24b.png,Charlock
66edd1c572bffb5347a3fd13cb6b14aa.png,Small-flowered Cranesbill
6899711d6c8e5b42716fc08cd7b88e29.png,Charlock
5a356ccfe6482bdaa0b6feb2dfdd51cc.png,Black-grass
6dd7ba3618e73613a49261e6f665bee9.png,Common Chickweed
615e6ec0788d8e6b00ba34a35706b45e.png,Common Chickweed
5a2d2cf70819f3a2e3b65ea514ce0383.png,Sugar beet
572ec6c09863927362055bec21434db2.png,Charlock
6e3fe0570338cfe0cfd50196d10061a4.png,Loose Silky-bent
55ba6f121fe57636ed8a8f2069646959.png,Sugar beet
5b59640f0bc0b204319cb43c75ddef45.png,Charlock
6585bd8ae19b64d1267f9f4e9bac5a25.png,Small-flowered Cranesbill
5d1a43672a783a36fa7791678fc3b4bf.png,Small-flowered Cranesbill
6f8ee319ca1572f780d48a9f5bad7cd3.png,Loose Silky-bent
6e9a03449ff1df0ead4142338480db43.png,Black-grass
69d7dad2d496e042555a8a47bf150c40.png,Charlock
6eb20ae256967b6ad73a1b0c10af30e4.png,Black-grass
635c09c458862845436fc30b76a2aefb.png,Common Chickweed
6159bdd69aebb19d9f47aba310baa0a5.png,Scentless Mayweed
63cf7bae5afb0aca3339eff635ab1627.png,Small-flowered Cranesbill
5fdcf4e131b78be95a5aa000371873a5.png,Small-flowered Cranesbill
6917e4d5b96b16719cf8a7a267bc9773.png,Black-grass
69d610cbffe9b1b1341b964e09d88508.png,Scentless Mayweed
61991a5646247f74dcbd25bb5e674426.png,Cleavers
705a2388446c683cf725aee9de5a94fa.png,Black-grass
5f4aaf17d1fdd9cb23c6f4fb8930ff8a.png,Common Chickweed
599c2d4b448067d8844c38db5c470eb1.png,Common Chickweed
60583b0849c8d145f3c3d3387b4c45af.png,Scentless Mayweed
6203103341438fe678b0a976463dcd00.png,Sugar beet
6e41e603e1d8aaddb3b82260637779da.png,Common Chickweed
6aee0c593363bc6b1ebe6816a679e689.png,Common Chickweed
625ef5c386c9502395b0f821089cabed.png,Scentless Mayweed
6d1d0faaec7334f90e1edc538e697ed6.png,Sugar beet
5ae76cb5108f9fdfb52fec44eb6d0bd8.png,Common Chickweed
59a1eeb6a770502ac9fa2cb844df3faa.png,Black-grass
58617709198d1f4d5a4d7c65c24ab51a.png,Charlock
56d1555eb798f14381dff0b14d9bd8e3.png,Small-flowered Cranesbill
61603cce580f3b47ff47a566a1fe0e79.png,Maize
6dab647c558e194f32121d5db95d5099.png,Scentless Mayweed
5bef30f0d8136e44e462620f567cd3d7.png,Maize
556a7a7cd617037280aae2f78a8a7a16.png,Fat Hen
6355f516a6a83cf7448dff2d3b2269a9.png,Small-flowered Cranesbill
6b637bab55a4ba82b9026a31507046c2.png,Black-grass
693267ee1a62c113d5e4dde5c1ae26a6.png,Black-grass
689a83dcc3c428af856a9b02d8f6f465.png,Common Chickweed
57565c1dde3b89815f9006f45b9227c5.png,Scentless Mayweed
5d34a77b165c79292789209984bdb161.png,Charlock
6675fa97f62a1c67c9c07348f2c400fd.png,Sugar beet
6c1c110ada226a8ff18ac7ad0ea1b02f.png,Charlock
5a1a24e532f5816646fb1f182f0804a5.png,Sugar beet
5a31f5cf777a79f9f6a0c620f3562a29.png,Maize
6d678ca7193bc158be56c0e5b5698482.png,Small-flowered Cranesbill
5b25e077d14d2d950f9c37a8c20fca4d.png,Scentless Mayweed
66430e8ef4eec5d42a9d2d0b980bfe14.png,Charlock
6faa9fce2ccbc2c537d28a2e84c8c887.png,Maize
5bad99cacc45d6245bb240ecf37909e1.png,Common Chickweed
63392c7a1170763ba56568e8bf74be6b.png,Scentless Mayweed
5af17c71102f51a7cb8f5f00eaac1108.png,Shepherd’s Purse
656438c96ea1df7436632202de28ceb6.png,Black-grass
58e1846d919adc997ebd91eb6bfdb214.png,Maize
6c2aaae3bcf8552f60d92fab2c51a456.png,Common Chickweed
5ba98ebc38bf407a4544821d3aaa02ed.png,Sugar beet
5c03c3dddcc5f84fb6a53d158e051689.png,Loose Silky-bent
7011935f948cd410623aa921b0814090.png,Fat Hen
698fda8eb015d49f6532059030c14679.png,Maize
62e767d2c4cff02b6a50aeb39922b884.png,Common Chickweed
60edcbf97edeef07652ebf325cf4c5c7.png,Small-flowered Cranesbill
5bfb5148f3c29e6f504d6236ee99663b.png,Sugar beet
625a4c65583696340dd235f3d7d5fa46.png,Black-grass
666e6da6fde4d14cc2f06344ba484cc0.png,Charlock
5bc8ff01b0aa004a4bf2523da3f8efa4.png,Charlock
5e9688ed681f0b680d98f17c30781a11.png,Scentless Mayweed
5abadcdf48dc524da4610bbdb9b8549a.png,Small-flowered Cranesbill
588113c51cfda58b538d94f95699af1f.png,Charlock
6b6220de6bd0d4079cb2a8e64d6e3c10.png,Charlock
593ec842036af9e5c89767f5e82d4203.png,Black-grass
687d8984515904a040eb0179321f4bc7.png,Loose Silky-bent
65d9bb8b98bf3cfb75f0e7b69a2ba047.png,Common Chickweed
5d90c553ed4fa3b93fb3f0d989b5c8d7.png,Charlock
6aec8dffcdc5d09826fe769f47af5252.png,Scentless Mayweed
63d66a79cf235e4ce3f27210c6a53613.png,Common Chickweed
5626d78618f95be6cc52433da6da8ce7.png,Black-grass
55de69bae746b67b5aa7cd7f77c2c419.png,Common Chickweed
64275446fdfcf6160e6ba659ab00198a.png,Common Chickweed
6fb57ad2c99b785b7e415202ebe8cdaf.png,Sugar beet
6757f988834d7ad8c71c82cb1cde0ad2.png,Charlock
6270c154defe46381c1d879c769ef2b9.png,Loose Silky-bent
6ab8daad4fe71c3d9439a27d4a67cfa7.png,Common Chickweed
5d6cd112dfb430b3e6bbf23ed5961bbe.png,Black-grass
59b8f30bdcc33346e683e7ce0a06a3cb.png,Scentless Mayweed
6f64d26935556f9fe885ae6293bc74e7.png,Common Chickweed
5d3e340e1ce337af419e3f24603f3d6d.png,Small-flowered Cranesbill
6548c7e6f81f7a0c3f4c9d462aa1e503.png,Fat Hen
58bcb1db3c32877e3547649bf54bf6d0.png,Charlock
62f804551c25d8d1657eff607ef3eda7.png,Small-flowered Cranesbill
6ffa472adbdfe9a6550c89f43853ec08.png,Scentless Mayweed
65995fd265a89a9ea057d00d50aad031.png,Sugar beet
5f00ec4796f58e62c4e7851f72bb3d6b.png,Scentless Mayweed
64065c7f4e142197210bceb115a2fa84.png,Sugar beet
6b33a4250c15377b13549e27fb737aec.png,Small-flowered Cranesbill
6e61a197c3f9cd2439e00c888b7f9d6b.png,Sugar beet
5711159f4ab7b0ce09aa719046c82160.png,Common Chickweed
6c33b0ee09866091cd764bed49f9eb77.png,Common Chickweed
5adf87747dccfaeadc96cfc1da4e9dce.png,Scentless Mayweed
84186b5ee3f5b56432bcf5f2be8b268b.png,Loose Silky-bent
73f1194499a25bc1fdabe2c7777ab14b.png,Sugar beet
8178587b75c079c6fe9cdc9f1e9ac906.png,Black-grass
7dbc5bb0e26c49c74f7dcef1df118045.png,Common Chickweed
823e85d449b58b14968975924dbbe33b.png,Common Chickweed
7f59cc233f40382f306f37e017503ed0.png,Charlock
7c508dcb52e76c46c5e96510dbc0f681.png,Black-grass
7fd1b5f92e69ae8aad4958909e08bf2c.png,Fat Hen
81a38158dcc8825442d7616b98cbed3d.png,Maize
7b7161cf95d06f005d59b032475e9d36.png,Scentless Mayweed
77801a276c63c40a38500b541f9c7a6e.png,Fat Hen
74238c67c2f89c98604d665812ada78b.png,Loose Silky-bent
7ed2e2f9928d4bf2fbd1a9733361a304.png,Common Chickweed
75d285f692b180fb31ab21faafaae4af.png,Charlock
78877b278be54025cbb1323427ff54b7.png,Black-grass
7da23315958d50c641fabbecd9a3d965.png,Maize
7f1e0f80652a5252ec39990fd99e2183.png,Small-flowered Cranesbill
7676c1602453d37c02de0c22c8bff131.png,Charlock
842f32ede5cfe858e497a8e716a8be5f.png,Sugar beet
8074c59dd1185267b22c2118691a25ea.png,Small-flowered Cranesbill
7d9e51067d2861225e6fecdb23bf1d13.png,Black-grass
7fe5b419305ea6be440c169178f82e64.png,Small-flowered Cranesbill
838315ac50e1e48e03b3d6f1b3757456.png,Black-grass
75ca64ad201f24e819be3c6789922366.png,Fat Hen
74272581ae1d8a89848a8e7416c74a4e.png,Charlock
76820ea7dc1b492681d663c459656046.png,Common Chickweed
84aaaf6723c5d7b030586f4f9093cb88.png,Common Chickweed
74d15a8e8c472bd361e8d4c5ae3b0139.png,Small-flowered Cranesbill
78fc62180345a85acf20cff6cc8e6d38.png,Fat Hen
831ee62e607e1c35b5e320f76d70b159.png,Scentless Mayweed
707107d63883160f81d9dec52d320622.png,Maize
74b4b95f0f3b70a14564bed767ada7d1.png,Common Chickweed
72e422fdaac4dc58eea10e9707381eb5.png,Fat Hen
822997c7ce02df166470bedb4943fd21.png,Charlock
7c9258158bc30530e5d95b440a33a899.png,Fat Hen
74697731a27213ec0a24596ba27eff61.png,Charlock
8058eea0ce1623621276d8f20bbdf7ae.png,Scentless Mayweed
86a821fb44e940d913e044bb5ed32220.png,Fat Hen
7abae4161b43d3ae2f89678225571049.png,Common Chickweed
799c8b2bfe196370ad32b6b66e71af7d.png,Shepherd’s Purse
7cb53d0be0c8376a68d05695d8bf3411.png,Fat Hen
76accaf9d254192effdeea16403a1133.png,Charlock
861ec46be730caf5a22ba81ad32d4e00.png,Common Chickweed
80540226ffda21f2e555ce1bc73c3b23.png,Charlock
7d3f090fa9f0b4c246ca18d4a008eed9.png,Loose Silky-bent
7620aa7d79975c7859b6ce70f10452e2.png,Small-flowered Cranesbill
8572736c75da7a4b918790a1e6cd06d6.png,Loose Silky-bent
85f0e601a9e200055b00e5764ddcd013.png,Loose Silky-bent
77431c93c791ec7bc63e5982d72b550b.png,Shepherd’s Purse
71898bda56cb1079e45d11bd758c9f7c.png,Fat Hen
8438d8d91a73300fb479f7bd175bd225.png,Charlock
85ccfc1a5e8e094f1ac24231f28e22cd.png,Scentless Mayweed
708ece3f75679a11ff9e95edf933ad10.png,Scentless Mayweed
76cd2468f427b5af53d0c5bc25dec2e8.png,Small-flowered Cranesbill
7ef3e99c96c73287d42658cec0a91091.png,Small-flowered Cranesbill
84a7c536884014c52b2f723d8756a98a.png,Maize
8501a246d44290b202b1992e8de0a919.png,Small-flowered Cranesbill
7c3d0b997eac5eddd2c4fc254d2f9710.png,Loose Silky-bent
871d2ae49da80d35a3926e827a5428da.png,Maize
7ce2568044fdbd171a4c5a5f55c91123.png,Charlock
851b5a3e346a093bf0b848ca45f74e04.png,Common Chickweed
746790aa75da422eec0dc65788d166cd.png,Fat Hen
7b976db894cf3df9829e5cb47c8e4118.png,Black-grass
75e62060c0f4d64e5aa4f578867cf5ee.png,Common Chickweed
76b7fb648b15a74ff211ed2108da6a94.png,Maize
801ed5473dce348fe1de4a0aa927a141.png,Common Chickweed
70ce06332b7469c179e921700a4501cf.png,Maize
81c8c9219d6f9bbcdc02facb0c073c65.png,Loose Silky-bent
7f92731cd33c06dbccca6e8afe9e8422.png,Cleavers
812bad414c8088cae1fb05f1ef1849a3.png,Fat Hen
7a20266db47d09e25427118b75e63c56.png,Scentless Mayweed
818c6bd33b9b4ea3b9d5188404cd80be.png,Scentless Mayweed
84852106ac9841dbe16dbcab80d41b66.png,Common Chickweed
82f842299a26297602f79f4a43a4e79d.png,Black-grass
8406a108efb61811736189515b1eb139.png,Sugar beet
75823d1ec0c142daefb08c15659842f1.png,Common Chickweed
81e72bb20d4901d1420e281986982f59.png,Common Chickweed
7d4d8e64e84fe763fdc6703593395821.png,Small-flowered Cranesbill
7bcb2d1ff5f8d84f6816b0b007ff8d4a.png,Sugar beet
8f289f1a3e9ad5b9a77010397cc79232.png,Fat Hen
91f44c47b11a39534e7b8e8cd380da0c.png,Sugar beet
965ce1b5aae6d84474732d8262d80871.png,Common Chickweed
9595efa99a92fc4678cfde7726a65806.png,Black-grass
8da71d9048b4cd8a0deb447cdad348eb.png,Maize
8b58e2c3e3ebcd746124e57847a3cc85.png,Scentless Mayweed
8954dd950867f71135d88aee40a532f1.png,Cleavers
9001d536642c4782c4bf5d1d7b96ae03.png,Common Chickweed
8dab521e9963a93c774528c91d7e8134.png,Fat Hen
9838a0bba66d0ab7f6d1595b9ae9e8ff.png,Charlock
9716e56e6a78d5e9fd9eb0a7131e2da5.png,Common Chickweed
98cf0a987a05583e3ea60b4ec2e4f7e8.png,Sugar beet
9848b5b06b144a5922c8be89d1e6949b.png,Charlock
98f6c1916b76da84ad3747bea2255f08.png,Black-grass
901cd15dc47d93301e85e94e1cc2c597.png,Charlock
8b6112c51a2145d2dd673787031bb873.png,Charlock
8a4246e2d536375546768fd29145fbaf.png,Black-grass
8fd3a026c86e37d10c90e885b0f03c0c.png,Fat Hen
96eace2897ab32a064b925c23dc9226a.png,Small-flowered Cranesbill
97d0ba6a7f5689f9953a13e857cc1b47.png,Common Chickweed
95b835bcbd9a7b75913079796332da9b.png,Common Chickweed
8e9f4f423ac126e30e01d2ba6eaad2a8.png,Sugar beet
8ba8e9111e0674f71346956ccf436595.png,Black-grass
959c397efbade4f8338e024c9e2628c1.png,Fat Hen
9429b68869522c24bcf31a0f39c84c59.png,Common Chickweed
8a7b2f2529404d88fffcd0be06fc0275.png,Charlock
87f43092d15aa21c427cf1d71e4da627.png,Sugar beet
88be35dfd2c79be0f7f03aef7b335208.png,Maize
87c310cf99ff1c519f30f53eca86c810.png,Common Chickweed
904bfaefc2910e6aeb4912502b0a4bea.png,Small-flowered Cranesbill
8b329843238d5803f4778546fdfaac09.png,Scentless Mayweed
8e0004a654beaad2b1c0550294f4cea7.png,Black-grass
8a0443b6fefbeac5344812ea0590528f.png,Small-flowered Cranesbill
8ce16f32104c094741379326d1af7f12.png,Small-flowered Cranesbill
8b86bb679632604f07a1e40b65aabeb0.png,Charlock
8f281b8a78820f4a972d787dc4453791.png,Common Chickweed
97ee8dcaba9ccbd50205609b37eaa85b.png,Sugar beet
8bb4ad06490a239098c30b72cf91bd87.png,Loose Silky-bent
8f8f1c5ca86ce4243e7d13c6104f8db5.png,Black-grass
8e1be874ff2e4c8e630c41169a4bb829.png,Common Chickweed
8ec2bcd3ae9805a7f40120d113edec98.png,Sugar beet
8f6926dfdbce353f14b1943c948f2de7.png,Fat Hen
9124491ce7a4b4467d9401bdbff25d96.png,Scentless Mayweed
8ceac35045126c5c3b23c9554b045d80.png,Fat Hen
8b3965e8196091e11b426c2415f670a6.png,Small-flowered Cranesbill
9093025fd9e81b5d81328c02818213e1.png,Maize
9280b0d693d33343bdb3989a932fec05.png,Sugar beet
89fa3f772b262961e41d835d9fc20a59.png,Scentless Mayweed
8f53bb6c7106ca53640ffa6d817599b5.png,Charlock
93a06baebfc5849f506b266189282ca1.png,Shepherd’s Purse
956a5165d3ae49e82bcd82ddb3bc7935.png,Charlock
93261b3c6041f6f7c2e53a312dec28f4.png,Shepherd’s Purse
8fa53130f8d8b9c4e3707edb7badd02f.png,Loose Silky-bent
8cc1e6045278fdc87f38fdb694f89edc.png,Fat Hen
87c1446cce40639f6180deb07c75b513.png,Fat Hen
8a35356bd50d3041e5711ee535e0b7d8.png,Scentless Mayweed
98a196f7eedd1121fc78c8209b505494.png,Small-flowered Cranesbill
93a2ff80f2dc26e7c8f3cb8d1e297216.png,Common Chickweed
99bd5dbb3f652ff0f7d1925cb204abf3.png,Black-grass
8b966b851ffc902b63bddd7b282c51e3.png,Charlock
89abcd7febf827cd4bcdc971abfcf5cd.png,Black-grass
981c7cdc3b566d88a812a1ef1eff1796.png,Black-grass
982f8a1a5dcd8deeb27f6cd6adab1d38.png,Black-grass
932d7cace38ba320d2b01d204728fbb7.png,Small-flowered Cranesbill
8f9c69904d484ccd988eb6779a45f260.png,Charlock
8ec5846caabb7015501f16d83d2fac55.png,Common Chickweed
94a690b75260c76490481c0e48709475.png,Maize
96b5e5235477afbe7bf50bda62b5d8a2.png,Charlock
902047f2aee19a2b5a3a546d412f7636.png,Sugar beet
914adb5a925eb3128f1e40104ca2cf3c.png,Small-flowered Cranesbill
92f13158d94aa53fb7ec13a32f106b7b.png,Sugar beet
89a0c50902d85b49a98833f0b6e0d0d8.png,Fat Hen
8a003029e99064e2d6e99adc693a70bf.png,Common Chickweed
93e4a548855ae4f332efd6939fbf1337.png,Loose Silky-bent
8cd1c3dd4cf7d6a37d1c05e5a728a8b8.png,Common Chickweed
8957b4af4c3779e5429bcd1ba2abb8e4.png,Sugar beet
9109665ff8190b57ac318755dd2e4efa.png,Common Chickweed
8eb75df55dc34686247319a7eb019d75.png,Common Chickweed
8a0d161b6444adc1db41cdf92b031289.png,Fat Hen
9034f0ac05be4b651244ad43e7d862f9.png,Scentless Mayweed
90fe6fca79c63d13ceccb55d93294a9e.png,Common Chickweed
88303c6ce082805c343d433d324ea514.png,Common Chickweed
a1cac63f10071ba94daf90fe9fddce94.png,Fat Hen
9be1cd73d8a1aa73cae2df47d74d0e33.png,Black-grass
a12994b9fd19f963328296b030d0ff97.png,Common Chickweed
9a9379db79cca306a5bec9e21bb90244.png,Small-flowered Cranesbill
9a112a2d47d8d24fa886b19d980d9a08.png,Maize
9e0cd0eba6e04bc9b5f6efc5b56d3852.png,Scentless Mayweed
a103aacaad13c7143355ab40d90fc50f.png,Charlock
a0557d96bec42b9f121ac6cb796a2c75.png,Black-grass
9c33ea0683cd031ec3ce2cb0d8ce5006.png,Scentless Mayweed
9dc92595c132ac8bb68529c4ce6e05af.png,Black-grass
9e021f18d2699d9bc22fd9a943257d31.png,Common Chickweed
a12969dddece98c286fd44120524587b.png,Small-flowered Cranesbill
a0a10fd76acd735fb0375d8bf9c6cd58.png,Charlock
9f5f92706f6cabb43a8cd67db24d173a.png,Sugar beet
a189d604e47156612f95e7e1c41e9caa.png,Charlock
9eecf6f8df9ec5ea964c3e733edb9f02.png,Black-grass
a2c378c1d9a0edeedf35504844425a2c.png,Small-flowered Cranesbill
a005e228ca3e6c981b1cd7a72e7ee08b.png,Maize
9daf20e153523fe5b92eab6a24fe4fb2.png,Shepherd’s Purse
a12be4f554a6906facd58d6738a66479.png,Charlock
a3d87f99c565bb91ec57ae2fb1606a02.png,Charlock
9be125b9fdedc211b209ff4f002a8d2b.png,Sugar beet
9cfc5576f40a5efb02933f3886d73509.png,Common Chickweed
a1402383b52c4e83ed87bcda03eeda94.png,Maize
a3c2f53abbd80cfe45356b7c27c6bda0.png,Maize
a27fb84c6c1025a4d608ea393b30fc60.png,Fat Hen
a370fff0aa6eafa8b4b78e4f487e735e.png,Fat Hen
a18f13842b243e32126398e993b156ae.png,Charlock
a27e1c32108f765bf7019517e902a6b1.png,Small-flowered Cranesbill
a24434f35c96b79bee83144c35c9fe8f.png,Maize
9e992f308f27db71feddf2346d81c01c.png,Charlock
9ffc0cd68bcf7d063a45603148405326.png,Charlock
a344755b002a615571693b83254bb1f6.png,Charlock
9e38479a5e6f5c6d1e192f57c1657f19.png,Fat Hen
9c2ff347c047c399d27c9d436af6aed0.png,Black-grass
a265ad8f92f8d040f3161f5288029db5.png,Charlock
99c480cc44dd8568c9f06a83025aa71e.png,Sugar beet
a406273f5e8f9ed471cc70154260ee8d.png,Sugar beet
a23f6b67dad5c49b12c83d2f2e946b65.png,Charlock
9c988ea7e1ef1c99eeb83dfd1c2bba07.png,Black-grass
a0bfef43eb0e40c5b34190c47acc503e.png,Scentless Mayweed
9a839c76f449a82baed23e47a8838a8b.png,Sugar beet
9ebc603789467eb2079a33ef34158faa.png,Shepherd’s Purse
9c9dfe29e068919c9a044bea66c44cb2.png,Scentless Mayweed
9cef17cae49c18c164a31c6b6228bb09.png,Common Chickweed
9c2e71d545bb1c195e90404369ad701a.png,Maize
a0b1a4e9fa36f326feeb74e7efec173c.png,Charlock
b87546edb5c94f8a02536a113ac70929.png,Common Chickweed
ad97555c50ee66c7f1fc00158d92e7ae.png,Common Chickweed
b2f63e130272635057d31b22754f5dbb.png,Charlock
b85abc1a53e711f696265d54900ca519.png,Small-flowered Cranesbill
b149948d05c0ccbc8fd9c85deb58753c.png,Black-grass
afed6af8533ec1aced1bbbd890a9f6f5.png,Common Chickweed
a60b6c42557713f6a595765f9ded7efe.png,Fat Hen
a79b7cab7c3c737b465d266d1167b756.png,Scentless Mayweed
af8b1352d0211ac10de830a7771e65e8.png,Common Chickweed
ad31f6800c02c2de3d2ca7528bcdd8ae.png,Charlock
a5aeffa52cc2e2dbeb56859ae1804ac9.png,Black-grass
b5a9c225f8a54e6746f98afaf7bb2346.png,Maize
b4eb193283b36aac2630ad8d690bb59c.png,Common Chickweed
b83cd7b950812f9ab70d3d456e6a0cef.png,Charlock
ac419907c99308f1bd57a766068de295.png,Common Chickweed
b80288b546b4998f527183ad9b8126e8.png,Common Chickweed
acfa6b972e052aa5340c99c5acc7ae01.png,Sugar beet
a95d8ad5dba99cd4c3f747f392a371ea.png,Common Chickweed
b2256e966c72a952715977f6e2bf8019.png,Scentless Mayweed
b7f265b47477f6aa8ef42d604f78b3f2.png,Charlock
b8c2d139cd91fd2c74aac000ce8e2d7b.png,Sugar beet
b2675f2108aabebb7fac03d42132bd0a.png,Black-grass
b84b4d2ba11827a700a1078af8977766.png,Scentless Mayweed
b5d686e15b43b0642c6008926495865b.png,Common Chickweed
b916501e8d7e00c7d75cd3bcca4dad24.png,Small-flowered Cranesbill
b02f8cf46c1548d3eaa3473b321d9666.png,Small-flowered Cranesbill
b9152f48f78e532d887071fb7dc43e9b.png,Shepherd’s Purse
b7f6e80045cca97fc798b5554f2b3e55.png,Scentless Mayweed
af103d30cb0d5de959ca464ca008b6df.png,Black-grass
a6173abad8375f1b5140d64d68e3a3cd.png,Fat Hen
ac004693cd9318c65b4949c5da3c16d9.png,Small-flowered Cranesbill
af94c33ff8f66d5d07ae4c9b795d67f1.png,Charlock
afb382f451881529b365550d99f25f86.png,Small-flowered Cranesbill
b06d53efeb9bd570ebe431223aad9954.png,Sugar beet
a9321fdd855919641fb73c3042611c30.png,Charlock
ba1c640b1c12bc390e3ca360810aee11.png,Charlock
aade925f1d326360869a8a360539a684.png,Common Chickweed
b1141c376fa2637c3c965ef1c39a2bf3.png,Black-grass
a76bc4e671dfe57ec8cb6fbd8b5f4c50.png,Scentless Mayweed
ab11c604f89490c4cd6f9288b13fee56.png,Small-flowered Cranesbill
ab1c41163639607cbad319949244a9d3.png,Charlock
af24ab5012ddfee9712e1b8552f72c87.png,Scentless Mayweed
b483d7a8f0d7757a75ae3576e54b2088.png,Common Chickweed
ac46ab251fba6936b6c445fa93b06e40.png,Scentless Mayweed
ade7c9ed3d2e0c95ef6cdfca6d3e723c.png,Cleavers
b5cc4a96252cd247ed7d979863a2f66e.png,Charlock
b59d593d82958c6dba7d416b1561acd2.png,Loose Silky-bent
b333cc38817b17b847f2107271816170.png,Charlock
a634c4f8bcc22714a16f700850764acd.png,Fat Hen
a8c1ca0fd3f6a015810e9f8dbae938c7.png,Fat Hen
b0e87efdd1aa4561086b83b86d8945f2.png,Charlock
af551dadd56d7b6da8e4fc442c99a311.png,Charlock
b62e74828396f204c81be8eb370dddb0.png,Small-flowered Cranesbill
ac82227dde30056622816d2b6d3e6479.png,Black-grass
b9e0e76c1c6bdec6ac653da2ef29a5c0.png,Black-grass
a6f13b109b8ab97fcfd4d47c1a6287e8.png,Small-flowered Cranesbill
a490254c6154497e10ff9dacf681bba7.png,Cleavers
b35a3919cc030a678f32ec4e3dc9a2f3.png,Scentless Mayweed
a8280c6ff90a98cae6e5eca377d80b5a.png,Charlock
a62815cebfa7a18e649a1bbfb91f3922.png,Sugar beet
b2848783d5e8e04e3c58dca0879e1356.png,Common Chickweed
b1e12c974234ae99671303dc152775f5.png,Black-grass
ab3f4cdb8bb795b288a73e708b446220.png,Fat Hen
afda3ca66571b41423784486b67cac82.png,Common Chickweed
b96165be227521231af94a1a3aebd942.png,Common Chickweed
b3a8e7f2340af30ddf94dc4933222a59.png,Maize
b96d52bd7e516c3529f7891ec923d42f.png,Charlock
b07bc7982779335042e6698e213e2f14.png,Small-flowered Cranesbill
b32bf8473b3242d6439e0c284f41faeb.png,Sugar beet
a6a53c919716951544d5ebbd0cf909ca.png,Charlock
ba0121814dc50dba3efc051461b45178.png,Common Chickweed
b74b4a5802418b000a4fd55b88bf0ffc.png,Small-flowered Cranesbill
af1f5e7bb4371d4f3019d637cb853a86.png,Charlock
a87966f7b6fc40b26272ee2172a45dbc.png,Small-flowered Cranesbill
b9a6e94ea1848c766478c586402bee3b.png,Small-flowered Cranesbill
b8fbb19f96059df697ff193f388ec427.png,Small-flowered Cranesbill
aeb6ae81e4870ee6acc8caad2b4b51b1.png,Small-flowered Cranesbill
aa9d6200539b688f05b096488edb78b6.png,Small-flowered Cranesbill
b0881231d1f586db9498070fe2bb93e4.png,Black-grass
b6482c3faa76a2bf6bc1e43917da43d0.png,Small-flowered Cranesbill
b25f0e2344b1e051282d48d018a4323a.png,Sugar beet
b02c21b0207f9212fb54c6af1477c987.png,Black-grass
b8017147ba4703f81d64246710c76514.png,Fat Hen
a990aacfaca0e9198400c982cf05d098.png,Common Chickweed
a587cda56d1838aa20c41e00a5d15e00.png,Common Chickweed
a819004eb90d53611651823ab5a7db88.png,Charlock
a4e9f0a71811f3b3cc4b4bcd3ffc3678.png,Charlock
ade0d3bedd628049532161fffeb085c6.png,Charlock
aaaf2e8da77ec20d9face66404dbef2c.png,Scentless Mayweed
a71d841d1595e89904fbad40393a0278.png,Loose Silky-bent
a992fd03d0ada70df59a825dbd3a37d4.png,Scentless Mayweed
a68b8fa5a724f210bb547b7b57c45937.png,Common Chickweed
ad762ec42cd28d618677223a966c5d69.png,Maize
ae8e3b70b953df5a840ef2a12c480857.png,Black-grass
b319fce78a01230945087fb6ea9e4c15.png,Cleavers
b653fd63b44aac6e4742871c173cd20a.png,Small-flowered Cranesbill
b283c271ad50667ec505d44abaf6a4a3.png,Small-flowered Cranesbill
ab841c6f4a836258eb7a2d144270f605.png,Sugar beet
a871a2a33dee1d17b2dd2f1667436f2f.png,Scentless Mayweed
c78a43348b4f7131dec35f69f8061d9f.png,Scentless Mayweed
c6c6179480676082be0f3ca109570b92.png,Common Chickweed
bdc9dc5c74a405aa1fa027dcea19265b.png,Loose Silky-bent
c161955da2c80e3bc88cf41334754f15.png,Common Chickweed
bee689220a2e9a175e37c28eccec0e91.png,Sugar beet
c1060caa2866a86bd595214cbfab0197.png,Charlock
c623a313e780b913cf662ea6d42f6d30.png,Cleavers
c094d095a433608405047c0e28f11eda.png,Cleavers
c4c1ed7ca6fad6752f0bdd2b0a77a614.png,Sugar beet
bd971e857c0bf211944418f12896cc35.png,Charlock
ba75ab709b2f20ab42942ec9c1311cda.png,Cleavers
c04aac4376abf0f00d53241228e90f5e.png,Small-flowered Cranesbill
bbf8f61f39d6b5729bf7700c5ff3669e.png,Black-grass
c60ffae5509b028676e8fa87fc8d1956.png,Charlock
bf0de34572042f0a1f7670569bf1dd90.png,Loose Silky-bent
c5bc16150e2f3303c6ebf77b20954cca.png,Scentless Mayweed
be6e146d88c85d8078143277f6bc5e75.png,Sugar beet
c17bd2b0404754f2258e2906742e8535.png,Black-grass
c55ff1917d14f48f183800c23514e586.png,Sugar beet
c77874f1ca86919e9f7b2e8983e2d925.png,Scentless Mayweed
c59f41cb039e392a255effe857f1e288.png,Cleavers
c74f05d700b5f2a8f901430a02ff3f92.png,Sugar beet
beb94018ecc07b179309c5756a5f4df3.png,Scentless Mayweed
c11bef969044dd7bb3a1143ac65ba604.png,Common Chickweed
bac3f3798eaa145bc01fe81bea3f2867.png,Charlock
ba29443c94906d73070a4217d5ccb085.png,Common Chickweed
bb3b63d12bd68d3624d0d969b0a87952.png,Charlock
bff9b5d619a26e81d8e36a506205151e.png,Shepherd’s Purse
bb0f6de194f1248393d6c13517c08113.png,Maize
c118348442504d6cda30579acccbea36.png,Black-grass
bcfc08a0e58f124a4f79e206ad7ad38d.png,Fat Hen
c1467bc8e3bf9d4760a290fe04575160.png,Scentless Mayweed
c75b7e5988226a95c037845c50286f14.png,Loose Silky-bent
c3cf14a9aa49ffb623af0d382ef43e63.png,Small-flowered Cranesbill
bd2bf70cd197069c99d3c96a5f3a5133.png,Charlock
c222952973491d15cdbdd058236ccaeb.png,Loose Silky-bent
ba400b523ed83d57db7bccbd47424b81.png,Maize
c1de6041371aae15b00196f6bba7fd76.png,Charlock
c58d8e55e8e9c6d345a13c2f158ab6cf.png,Small-flowered Cranesbill
c92562f3054b8c33ea40381dee1a9a86.png,Loose Silky-bent
c7e821c13c26b00b45ef5fa21afcd5be.png,Common Chickweed
bb1b2dbea25ae177730854d57919bbfe.png,Loose Silky-bent
bb3295e903797f5bad729ae1edf8a761.png,Charlock
baabd8fce146b42a3b805177315def74.png,Sugar beet
c86d70bfbe6d1eca97547868fb931268.png,Shepherd’s Purse
be23ce3352a924a400632c4d31544c89.png,Charlock
c06762110a26af75c9e9afb980d6696c.png,Fat Hen
c59d7e9536108dde666a69b1ddcec7b2.png,Black-grass
c65472eaf67a6f6dc77965c18be1fdbf.png,Small-flowered Cranesbill
bfc4a3f9d821e41302a64159259fc43f.png,Scentless Mayweed
c1cf56bd50f238e26b5fe6b0c5ad0523.png,Maize
c12135b86fe0b865e5b462c66e18f1ee.png,Scentless Mayweed
bdb19af8821e7d03606d08f505492f75.png,Fat Hen
c4053b80c0ab34e085c7fc00ec1ba072.png,Black-grass
c3bb28cb274f4170240b4afd67924914.png,Small-flowered Cranesbill
c009a7985999abedfa0fe32cab4500ff.png,Common Chickweed
bffab488370969822dd90a53f28771fe.png,Black-grass
c75e98b4f7664a4eedfb712d1ed66e44.png,Sugar beet
bdd20e1937b67f03d986bdfbcaa3cdba.png,Common Chickweed
c1d856b0373d672a5a211e3fd2d9483d.png,Fat Hen
bee524bca83f48eab0ead9d8e9458a2f.png,Sugar beet
c3d88b65234badc8a077628b762021f3.png,Common Chickweed
c876c208949ace159a058e36d58763a0.png,Fat Hen
be4b1e638f439cd9c07862513878e889.png,Scentless Mayweed
c33de7ebc348481d9e5c6e58817701fc.png,Common Chickweed
c20f6a61bd4bbb3ef88dea5d4f42e955.png,Loose Silky-bent
c276b9e5cb1407d068262d0fc3e00fa9.png,Black-grass
ca1779d7a61c2ceec329e3a0bbce6bae.png,Scentless Mayweed
dde1e4e8709b29147a6f4afea5ee6869.png,Fat Hen
d86094a5111c852fc709181c612b8d8e.png,Shepherd’s Purse
dd8c9f877f5b66d49e48ea7327e25a84.png,Charlock
de56e5d625a5f09380551401a4507346.png,Charlock
dd08f4ead3577e874475efcc29193eae.png,Sugar beet
cbc66aadeb104eec4dd05ddbce1f41eb.png,Scentless Mayweed
ce369462cb7eca42c6edf5030b51f68f.png,Sugar beet
cfe9187cb4a5efd6576c7bceb7f73ab2.png,Black-grass
d29d82d2144733e098befb890a15256b.png,Small-flowered Cranesbill
dca3acd924c4485642106b554cd1d892.png,Small-flowered Cranesbill
d55bfbc77e0aab3fb8ad715cb4b5cc06.png,Cleavers
da1b7e1e433ce90b418bb5ffdf773258.png,Common Chickweed
deb37cf18cac9b804d8794a3170223b8.png,Common Chickweed
ce5e0d7997fc68a2546899bb1ac89ad2.png,Charlock
d0b3de97911fa8136a0ce4a54945a84e.png,Maize
d01c4d50a8bab70ef95f98e2413404ae.png,Charlock
ca0e7eb947174efe03cf5739620cbe40.png,Maize
da04c3339a6160afb89e1e297c00a26f.png,Black-grass
dd4126fdba8d697ff35119ecc42305f8.png,Sugar beet
da81b30c9b54a148a5905323a03d7c21.png,Fat Hen
d4e53a9d70b8cd92014cea7af20e22c2.png,Small-flowered Cranesbill
dd7591f1a2b3e4a022c91fa92c112d31.png,Fat Hen
cd7a964d35808fef966509ce984784a4.png,Scentless Mayweed
de9ce501d8d13cb05c8e91d3b54a33e3.png,Small-flowered Cranesbill
d142614045c2695329fb9b80b4529178.png,Loose Silky-bent
d35d1877fa99cc52944ff549e9edc5dc.png,Sugar beet
d2b380ace5f2ddcfaa0a703f77cd3258.png,Scentless Mayweed
d58550687ebf2f88db4ad04237f98843.png,Common Chickweed
dd0e3579c6998ce7109b83a3bbe3ca89.png,Scentless Mayweed
d204cc8af82ec1c2ebfe48628961e71a.png,Sugar beet
dcbeac2f02b189fba7a7f75b82c922e3.png,Shepherd’s Purse
d1778d8da1276305316751adc42864df.png,Charlock
d3c2f5f501126831de7cff7b941d9205.png,Small-flowered Cranesbill
cf4bd250bca8ee8bad5919d11347192d.png,Sugar beet
c977c34cf340532861024fdf50e84553.png,Sugar beet
d9543393a49bc1161b9d138186d38777.png,Common Chickweed
d9415ef965b07b89a3892389c8010bf5.png,Fat Hen
cd989f7da77e9d0825367cd34e923a47.png,Scentless Mayweed
cd15d16dd9c32031fb23a22c15a7f7aa.png,Maize
da4a7983372acbbe5c48f128fb5e3f93.png,Maize
d6d3f82f987fea54534a1e151bbdb8bc.png,Common Chickweed
cff9f4de1c9b24fec8d31a1b08e8493a.png,Scentless Mayweed
d90da66730f639996356fb8f5efcff74.png,Charlock
db4c7bf1a53986075714560255e6bbcf.png,Charlock
d4cdd3fd1bb4ec42562fd66dbf17bcf3.png,Cleavers
cda802ede576dd64ca431f644fe4ad5d.png,Charlock
d475940605d7ab9bc633bbfd006b0519.png,Charlock
dd7e6787f4921aff04d8ef23a1b9de01.png,Fat Hen
cc93f5b34a8e03d8e8997acd40d32514.png,Black-grass
d36278a648572741bc8359b0e3f10f41.png,Black-grass
d31e075596463e818c8ecbba55dc4982.png,Sugar beet
de7a65f7be18bbe5908160488598b8eb.png,Sugar beet
db94cfe2a7979b9fc5156660120716af.png,Common Chickweed
c9d404c6099ad64a837af58e1f51a82f.png,Common Chickweed
dc61964dc3e0660b2a79a030016357c7.png,Maize
d72540917f539d3c30d4b8a0d8df97c1.png,Loose Silky-bent
d8c4b6be7cf08fe7c943e13538faf9c4.png,Common Chickweed
d28c9e954497112afbbb5f7721de369c.png,Small-flowered Cranesbill
cc168fd7c99bf286ac336e5ad2920229.png,Black-grass
dccfb7da5379182268b605fce094d819.png,Maize
dde63ef94612ecce8740b9193a194220.png,Sugar beet
cbeb3e89761e11bbc0189518d82067de.png,Cleavers
db934ec7410a53b1b369baf0e9d4b067.png,Scentless Mayweed
ddefc8b5c0c27da2184c4ccec59028a0.png,Black-grass
d17f2cda9718b4028755d2d34d245ffd.png,Black-grass
d4afac26c8e32ac260edf4ee5210c016.png,Common Chickweed
db6faa677231bfbdbc7c773dcc4b11c0.png,Fat Hen
d56c6c1735dd59662654a928c85554bd.png,Common Chickweed
dc2a9d505227a20e69a4c351e2fb20e4.png,Sugar beet
cdf80efd8aaa8111ff1820108464f691.png,Black-grass
da50ad5a279cac150e2b9fa35730ae8c.png,Cleavers
d1f46e7ee0b0353b9be759d6121bd7dc.png,Fat Hen
d1457f32730abc667c466d1f4737e878.png,Sugar beet
d3025313c31bb5e11d9f641b15064878.png,Sugar beet
da0f39e6a8260ac3a0aba269422d2563.png,Black-grass
d5f94bac63cc513e783cfdae342efbf1.png,Black-grass
cc971cfa7297557b24b7bbe72e8d10aa.png,Shepherd’s Purse
da6e4c67a88ef6172b92ddd2caa47976.png,Charlock
d0e0cae14970195720bdd87d6987e653.png,Scentless Mayweed
d70c9f4f1d3e1f787bf21b72b6bcc4da.png,Charlock
cca71b33b17574272e61c54244f91b83.png,Scentless Mayweed
cc52eeda8dec6c8a69242906f8d19752.png,Charlock
cf951c47ec3005c308104d6a1a303730.png,Maize
cd6b63c675e35198c2d7c1cb458b2058.png,Black-grass
cfb86bdf0d0c9437d9d425fca1501fb0.png,Fat Hen
cb5fc4c93a93066d92f4bff046d18a12.png,Common Chickweed
dc76d0b0a6087d561439b0fbf57e376c.png,Scentless Mayweed
cf3cdffe6b631f48cfb4f3fea20d2e0a.png,Small-flowered Cranesbill
ccaabf8f53964f59eb48d2d718010782.png,Black-grass
e81fa5473c5c9b2bcd2335d4f49e4c3c.png,Scentless Mayweed
e1021506f06995bbef140e64548c50c6.png,Common Chickweed
eaa1bd54bd8016023e76d92e8840be0a.png,Charlock
e3881eaf306adba30f62f50218a15748.png,Black-grass
ec7fba800fd2e10fe23af1bf52da1819.png,Black-grass
e0e763f0f822f2b3609110968da52fa8.png,Common Chickweed
eb248e2dabf95b1450c9f83bf918ed86.png,Common Chickweed
ea4f54289c0e7c84ffdd679b665b3c65.png,Scentless Mayweed
ef75ad049e387b31616f212bb64ab210.png,Black-grass
ec25e075cf76f2c10ab3bf87d8cb5a69.png,Small-flowered Cranesbill
e457244bc40711d4e3e4e461fc560060.png,Maize
e3b090e1733c2d56050faf8238df1077.png,Common Chickweed
e5be49294d30794ae6bb08523360fe74.png,Small-flowered Cranesbill
e5bbb71dd765027c7eb7812bc0d2a05f.png,Shepherd’s Purse
e7161bdcf96c26342143a281bb4caf92.png,Common Chickweed
e60ef0f3951ea48eac768e0cc5514b2d.png,Scentless Mayweed
eff1d2498d669ae4b4a1225da8b54e9f.png,Charlock
e752fad1cfae9b5c60f620b4dc5a58d4.png,Charlock
efdb5c6f303c13b7eed4923239c63b78.png,Maize
ef88e3ade637ba9bd87686918e571025.png,Common Chickweed
e1ea5fd85b498e2c90b6d8a9f0e0480d.png,Fat Hen
e958e2f84d6a2ced57b1a45c08496248.png,Charlock
e4d8c4cedba030be6d8633d0cdf2c173.png,Small-flowered Cranesbill
e8b86a6f34dea734dc7cbf719dba5129.png,Common Chickweed
e7f4641ea668a25865fa6682c8f41017.png,Sugar beet
f091c336286b19ed342e74aae41e997d.png,Common Chickweed
e102c904a9bd6da8e57161631103e393.png,Maize
e9e5ccbf6c02bd9268dcb94a9014b863.png,Scentless Mayweed
e92a513aa810de1ac80c646fc088020d.png,Scentless Mayweed
f0bd72986cff807d56b8948e57dbb4b1.png,Loose Silky-bent
e95095c6a4711ec15f652faa5ec7f353.png,Sugar beet
e4a604c614e2534ed4bdf8effcc640e6.png,Common Chickweed
ea05857cdc4c79312256d56cd9d02475.png,Common Chickweed
df3a96d1a08c202e41711dab1feb987e.png,Scentless Mayweed
e52b243a06fed34974ddac31aaccb11f.png,Fat Hen
df0b2c3738b18fb3b7aa78dcb6b9693f.png,Sugar beet
e2f1a8eec0b4d5b60c9aae5e43aa08bf.png,Fat Hen
e07210200bf492221d29db88da04cb71.png,Scentless Mayweed
e62f87a25e30b8c56fe3afa671a58719.png,Black-grass
e280793d353d992552a93d9ee26c0593.png,Scentless Mayweed
e734e5fbaedb8f371752ac189bc547fe.png,Common Chickweed
f06a8ebdae9f6c62c6f23477ddcea083.png,Sugar beet
e0eb7d5eb416301b6ad9625017979b7e.png,Common Chickweed
e63dcf033578a15e621874330d768c09.png,Charlock
e821a2d3d1681321cf5aef624bfb4ded.png,Scentless Mayweed
ed015bb4ee59c1713a57829e5b24ed25.png,Small-flowered Cranesbill
efdf4d466bb231363cf66f50e0e41891.png,Shepherd’s Purse
ea801d46265947e8b135200c42257693.png,Charlock
e1d2fdf76c06dfa3f5cd479ca54ca617.png,Common Chickweed
e649c1e8e004fc5885e2ff12a8e4dea6.png,Fat Hen
e113d9974619efc7e616d05880a87680.png,Sugar beet
e49f35732afa24a74969a161dd68d775.png,Small-flowered Cranesbill
e1fc1036f92e6a7c2165c46ba0404714.png,Sugar beet
eb1813b809843eb1722a3eadf98b5092.png,Shepherd’s Purse
ea0910af4a798d3fd2b039d26616f813.png,Small-flowered Cranesbill
eaca603ab78bc9576983a5f88a19c7f5.png,Black-grass
e3e4d9030f6661ee22cc849d4dc30060.png,Loose Silky-bent
e2bb800d69631154fc122c3d97b562ae.png,Common Chickweed
e941a4fdf2841b024cf942e2d93d2d86.png,Common Chickweed
e904521cccb08f82641a42bc26cd9fee.png,Scentless Mayweed
e7f51407cba521f44b4e7466d1aece3c.png,Black-grass
eb6a6cda7c71c267ed833d952976c227.png,Small-flowered Cranesbill
ef18865be5675faad71b68ede3575e66.png,Small-flowered Cranesbill
df8bad5627c332972df65c64838f3039.png,Charlock
e9f003227e6a775af5ded96f2b092e59.png,Scentless Mayweed
e0b85340c7acc90000b45cb7e4e0dd39.png,Common Chickweed
f03b3028c69eb95ecfb9525127ab0f07.png,Fat Hen
e9e5734811a8547961408b230fdb6fe6.png,Maize
e67da20932c7ece46a7ce8bb295c158c.png,Small-flowered Cranesbill
ee3337b0891d0d91c22419162034ac8d.png,Charlock
e8b96515b88487893278af4f91097d51.png,Common Chickweed
df5a456bfc4f5d87a78278ab0b2b34bb.png,Fat Hen
e141359f355be6c4048583af7202ff90.png,Loose Silky-bent
e5819ad4e37ec9f2c35c91b9ed93ce12.png,Charlock
f2a4a7fdfeba1fa91e3c1e845483a8ed.png,Sugar beet
f8b6838beb788b00b42f68591a23a76b.png,Black-grass
f52a01ccfa74da701ac121ed68bb33e6.png,Maize
fc3d137883a139d31c9c44df8234e526.png,Shepherd’s Purse
f85857146564e77d5988b30c0ba52b28.png,Charlock
fa90868edc69c0d64f8cc2a102440c14.png,Small-flowered Cranesbill
fbcab1730bd5d07bf2c900a53614e92f.png,Sugar beet
f27699c191031bfac6c33c400724d5a4.png,Black-grass
fc14a0afb07dd16c3aaaca1bc7c968c0.png,Small-flowered Cranesbill
f341e225ea9ba7f60ff563c2abd112e5.png,Small-flowered Cranesbill
f32e264eb3b5d18afdd924c6eb6adc17.png,Cleavers
fada1c65138b440d6dd5a101b485549b.png,Small-flowered Cranesbill
fc3c29f7b4cdedd86197994196d63f53.png,Common Chickweed
f8706896a77b30f74a274a90bb4ccec0.png,Fat Hen
fc65aa31c6d1c0ca81204f643f218b81.png,Charlock
fa8d4653462de9257089338aa1ff17c6.png,Sugar beet
f4414c984cc1afd317745031dc1842ab.png,Common Chickweed
f6c97e1028a5c3bab813ac4fe9c3d840.png,Black-grass
f7a905109d9c96e330ef1e4634756131.png,Scentless Mayweed
f33b9be0cf65d7593f1d66e03777fdeb.png,Small-flowered Cranesbill
f400ed3d38c85171c6de206f6e642ba8.png,Sugar beet
f18442329361ab87e93891cdb442d9f3.png,Black-grass
fb864aa7875794ea78634c467f5f3457.png,Charlock
f46673f2064c1eae195d712a115566cf.png,Common Chickweed
f8e9e0af3743ad8a65765a2aa9201949.png,Sugar beet
fb33255398997a229e192d1504383c9d.png,Scentless Mayweed
f336a3b72489920f4080e438b271c95c.png,Shepherd’s Purse
f3df740fac4339325cbed152eb69ead0.png,Maize
fcf142e634e6966c81dda41085a031d3.png,Loose Silky-bent
fd883e364d41c3138f8861a09626ad91.png,Shepherd’s Purse
f83e07cc59d4b809e708b7ec93896a0f.png,Sugar beet
fca479af07af7ef485d694e72c44477f.png,Maize
f701ae7d7b6e70a2af45c6935a959cbc.png,Black-grass
f3c0395918a4a4d85cca6f773691b4a1.png,Loose Silky-bent
f4ba422aab78bbbc5767d9049c9448ad.png,Sugar beet
fa8371c3c4dbb3e4a820000c6c18102a.png,Small-flowered Cranesbill
f10701f89d11e03449d613bb573358ba.png,Black-grass
f1159853429710bb9361469e819b711a.png,Common Chickweed
f2185c77480da3d624a1f66dfb4c39bd.png,Loose Silky-bent
fa7a69b0e350a7ea6bcac3b623d6bd53.png,Small-flowered Cranesbill
f804c07d38159852434b6196e8b9b564.png,Small-flowered Cranesbill
f2f4117832a0e5b28aa48478fe5d1cca.png,Sugar beet
f21ecf6f2e1a8376ec6205a4f1204016.png,Shepherd’s Purse
f4ada984105ee9958bfc619b82430f3b.png,Shepherd’s Purse
f469b7ab506fb3e6dbd8001077ac797b.png,Loose Silky-bent
f1666ed09bca82c3b26d53a3e82c72ec.png,Common Chickweed
f738d9f2f8d4285bafcf0919edbf886a.png,Scentless Mayweed
fa59020b5e0baed5ec4ab25b2950951f.png,Small-flowered Cranesbill
ffbde9ade5cb03551e925763db3e0c1c.png,Black-grass
f5514ca2d9d9c30ef9b260fdf9e65bbb.png,Sugar beet
fd48163220fab4e4d7dc55b4bf127b4b.png,Black-grass
fd06f8ff7fba773c6fa3994eaddc0802.png,Small-flowered Cranesbill
01f9ffc219cc466e8eddc52b354358df.png,Fat Hen
024fb3ff7a0807401a70d347eaa26e70.png,Scentless Mayweed
02948cc52977b88cfd4ff1691732f14e.png,Black-grass
026927f77a893ece3f1ce49e3ba5fce7.png,Common Chickweed
00baa54ef1cdbf1e08ae9759314a9276.png,Fat Hen
02ab1e042b9881794b5fe202e4db2f6b.png,Charlock
01357f3d88be239cfdf583bc4b949c54.png,Common Chickweed
0050ee5befb8db3ec3dc387a20f6f99a.png,Small-flowered Cranesbill
01a1f3977aaa5f7bf2d48a6059ac56f6.png,Scentless Mayweed
005f95c7a80d7a24808de84f0a647d9b.png,Small-flowered Cranesbill
014e30a0846df50bad4415368ffb565f.png,Fat Hen
017bd5eab8e5d029aacf3b63b7bd0882.png,Common Chickweed
01ca14e1494a04ec81c557a0e2c942ef.png,Common Chickweed
001ef70434f6a3eb5eed71ed727f0aee.png,Scentless Mayweed
0b627020a3d4f52d2fd3cb2fed135dc0.png,Black-grass
0f740cde0ffcb84842f8a69d2877078b.png,Sugar beet
13c6925f2b7eeeb7fe6fe632b945f1e3.png,Sugar beet
0788f95fd65308826dfbfd63356d7e3b.png,Black-grass
10f373ead5a80c79aa7e2993e7ebcf60.png,Black-grass
09374963af4568a5db21dcad1f0bffa2.png,Black-grass
0ea1c45f28285e58f627857204e0a0c3.png,Small-flowered Cranesbill
10b8130485e5b660c9a85f5ed7f1a79c.png,Small-flowered Cranesbill
0cafa4d1cc282d8b3449d4290f94cd37.png,Black-grass
128ea95280909fabc1131794f5b1fdc1.png,Sugar beet
040da2aa568005e543b7306e9e3f1cd8.png,Black-grass
108f9f7f08e1ca52cdfc727911d95162.png,Common Chickweed
125b41a436fbdef6166ff0c44be4b225.png,Black-grass
068b44f800a57577bf539ccd88e737c7.png,Common Chickweed
128b5a8f9526bb4b6f7f6b489465f4bd.png,Loose Silky-bent
05f51347215f49997b56066b62d3382a.png,Small-flowered Cranesbill
126193439c6d82b0f540edcea9ed3b15.png,Loose Silky-bent
12fabbc8075a2bc2a65265b7c0f9a2b0.png,Fat Hen
0733e232ec66f69cd26d074d0032d57c.png,Charlock
082a40a1d18d18d08132d4475baa8022.png,Common Chickweed
0696130b21de4398b1f8ffa728351f61.png,Common Chickweed
084d46562156eb60ff6547d7a9a5d00d.png,Loose Silky-bent
07e6d5be4c9c864c4196b64fe72b4a31.png,Scentless Mayweed
06a17690fe90e18ee3f62b82d8cd3ae8.png,Charlock
0e3abd413ad0e37a7721568c72fcdf2a.png,Loose Silky-bent
